﻿<?xml version="1.0" encoding="utf-8"?><DEFECTS><DEFECT><SFA><FILEPATH>g:\database_backup\programs_repository\c++_repository\in-progress\csce463_project1\csce463_project1\</FILEPATH><FILENAME>source.cpp</FILENAME><LINE>17</LINE><COLUMN>42</COLUMN></SFA><DEFECTCODE>6053</DEFECTCODE><DESCRIPTION>The prior call to 'strncpy' might not zero-terminate string 'scheme_part_check'.</DESCRIPTION><FUNCTION>parser_URL</FUNCTION><DECORATED>?parser_URL@@YA_NPAD00PAH@Z</DECORATED><FUNCLINE>12</FUNCLINE><PROBABILITY>1</PROBABILITY><RANK>1</RANK><CATEGORY><RULECATEGORY>mspft</RULECATEGORY></CATEGORY><PATH><SFA><FILEPATH>g:\database_backup\programs_repository\c++_repository\in-progress\csce463_project1\csce463_project1\</FILEPATH><FILENAME>source.cpp</FILENAME><LINE>14</LINE><COLUMN>7</COLUMN></SFA><SFA><FILEPATH>g:\database_backup\programs_repository\c++_repository\in-progress\csce463_project1\csce463_project1\</FILEPATH><FILENAME>source.cpp</FILENAME><LINE>15</LINE><COLUMN>6</COLUMN></SFA><SFA><FILEPATH>g:\database_backup\programs_repository\c++_repository\in-progress\csce463_project1\csce463_project1\</FILEPATH><FILENAME>source.cpp</FILENAME><LINE>16</LINE><COLUMN>8</COLUMN><KEYEVENT><ID>1</ID><KIND>declaration</KIND><IMPORTANCE>Essential</IMPORTANCE><MESSAGE>'scheme_part_check' is Output from 'strncpy', which may not zero-terminate it</MESSAGE></KEYEVENT></SFA><SFA><FILEPATH>g:\database_backup\programs_repository\c++_repository\in-progress\csce463_project1\csce463_project1\</FILEPATH><FILENAME>source.cpp</FILENAME><LINE>17</LINE><COLUMN>42</COLUMN><KEYEVENT><ID>2</ID><KIND>usage</KIND><IMPORTANCE>Full</IMPORTANCE><MESSAGE>'scheme_part_check' is an Input to 'strcmp' (declared at e:\programming\visual studio\vc\include\string.h:120)</MESSAGE></KEYEVENT></SFA><SFA><FILEPATH>g:\database_backup\programs_repository\c++_repository\in-progress\csce463_project1\csce463_project1\</FILEPATH><FILENAME>source.cpp</FILENAME><LINE>17</LINE><COLUMN>42</COLUMN><KEYEVENT><ID>3</ID><KIND>usage</KIND><IMPORTANCE>Essential</IMPORTANCE><MESSAGE>'scheme_part_check' is required to be zero-terminated by a SAL annotation on 'strcmp'</MESSAGE></KEYEVENT></SFA></PATH></DEFECT><DEFECT><SFA><FILEPATH>g:\database_backup\programs_repository\c++_repository\in-progress\csce463_project1\csce463_project1\</FILEPATH><FILENAME>source.cpp</FILENAME><LINE>45</LINE><COLUMN>23</COLUMN></SFA><DEFECTCODE>6053</DEFECTCODE><DESCRIPTION>The prior call to 'strncpy' might not zero-terminate string 'host'.</DESCRIPTION><FUNCTION>parser_URL</FUNCTION><DECORATED>?parser_URL@@YA_NPAD00PAH@Z</DECORATED><FUNCLINE>12</FUNCLINE><PROBABILITY>1</PROBABILITY><RANK>1</RANK><CATEGORY><RULECATEGORY>mspft</RULECATEGORY></CATEGORY><PATH><SFA><FILEPATH>g:\database_backup\programs_repository\c++_repository\in-progress\csce463_project1\csce463_project1\</FILEPATH><FILENAME>source.cpp</FILENAME><LINE>14</LINE><COLUMN>7</COLUMN></SFA><SFA><FILEPATH>g:\database_backup\programs_repository\c++_repository\in-progress\csce463_project1\csce463_project1\</FILEPATH><FILENAME>source.cpp</FILENAME><LINE>15</LINE><COLUMN>6</COLUMN></SFA><SFA><FILEPATH>g:\database_backup\programs_repository\c++_repository\in-progress\csce463_project1\csce463_project1\</FILEPATH><FILENAME>source.cpp</FILENAME><LINE>16</LINE><COLUMN>8</COLUMN></SFA><SFA><FILEPATH>g:\database_backup\programs_repository\c++_repository\in-progress\csce463_project1\csce463_project1\</FILEPATH><FILENAME>source.cpp</FILENAME><LINE>17</LINE><COLUMN>42</COLUMN></SFA><SFA><FILEPATH>g:\database_backup\programs_repository\c++_repository\in-progress\csce463_project1\csce463_project1\</FILEPATH><FILENAME>source.cpp</FILENAME><LINE>23</LINE><COLUMN>5</COLUMN></SFA><SFA><FILEPATH>g:\database_backup\programs_repository\c++_repository\in-progress\csce463_project1\csce463_project1\</FILEPATH><FILENAME>source.cpp</FILENAME><LINE>24</LINE><COLUMN>5</COLUMN></SFA><SFA><FILEPATH>g:\database_backup\programs_repository\c++_repository\in-progress\csce463_project1\csce463_project1\</FILEPATH><FILENAME>source.cpp</FILENAME><LINE>25</LINE><COLUMN>5</COLUMN></SFA><SFA><FILEPATH>g:\database_backup\programs_repository\c++_repository\in-progress\csce463_project1\csce463_project1\</FILEPATH><FILENAME>source.cpp</FILENAME><LINE>26</LINE><COLUMN>5</COLUMN></SFA><SFA><FILEPATH>g:\database_backup\programs_repository\c++_repository\in-progress\csce463_project1\csce463_project1\</FILEPATH><FILENAME>source.cpp</FILENAME><LINE>28</LINE><COLUMN>22</COLUMN></SFA><SFA><FILEPATH>g:\database_backup\programs_repository\c++_repository\in-progress\csce463_project1\csce463_project1\</FILEPATH><FILENAME>source.cpp</FILENAME><LINE>33</LINE><COLUMN>27</COLUMN></SFA><SFA><FILEPATH>g:\database_backup\programs_repository\c++_repository\in-progress\csce463_project1\csce463_project1\</FILEPATH><FILENAME>source.cpp</FILENAME><LINE>40</LINE><COLUMN>24</COLUMN></SFA><SFA><FILEPATH>g:\database_backup\programs_repository\c++_repository\in-progress\csce463_project1\csce463_project1\</FILEPATH><FILENAME>source.cpp</FILENAME><LINE>41</LINE><COLUMN>14</COLUMN></SFA><SFA><FILEPATH>g:\database_backup\programs_repository\c++_repository\in-progress\csce463_project1\csce463_project1\</FILEPATH><FILENAME>source.cpp</FILENAME><LINE>42</LINE><COLUMN>9</COLUMN><KEYEVENT><ID>1</ID><KIND>declaration</KIND><IMPORTANCE>Essential</IMPORTANCE><MESSAGE>'host' is Output from 'strncpy', which may not zero-terminate it</MESSAGE></KEYEVENT></SFA><SFA><FILEPATH>g:\database_backup\programs_repository\c++_repository\in-progress\csce463_project1\csce463_project1\</FILEPATH><FILENAME>source.cpp</FILENAME><LINE>45</LINE><COLUMN>23</COLUMN><KEYEVENT><ID>2</ID><KIND>usage</KIND><IMPORTANCE>Full</IMPORTANCE><MESSAGE>'host' is an Input to 'strchr' (declared at e:\programming\visual studio\vc\include\string.h:221)</MESSAGE></KEYEVENT></SFA><SFA><FILEPATH>g:\database_backup\programs_repository\c++_repository\in-progress\csce463_project1\csce463_project1\</FILEPATH><FILENAME>source.cpp</FILENAME><LINE>45</LINE><COLUMN>23</COLUMN><KEYEVENT><ID>3</ID><KIND>branch</KIND><IMPORTANCE>Full</IMPORTANCE><MESSAGE>Skip this branch, (assume 'strchr(host, 58)!=0' is false)</MESSAGE></KEYEVENT></SFA><SFA><FILEPATH>g:\database_backup\programs_repository\c++_repository\in-progress\csce463_project1\csce463_project1\</FILEPATH><FILENAME>source.cpp</FILENAME><LINE>45</LINE><COLUMN>23</COLUMN><KEYEVENT><ID>4</ID><KIND>usage</KIND><IMPORTANCE>Essential</IMPORTANCE><MESSAGE>'host' is required to be zero-terminated by a SAL annotation on 'strchr'</MESSAGE></KEYEVENT></SFA></PATH></DEFECT><DEFECT><SFA><FILEPATH>g:\database_backup\programs_repository\c++_repository\in-progress\csce463_project1\csce463_project1\</FILEPATH><FILENAME>source.cpp</FILENAME><LINE>65</LINE><COLUMN>34</COLUMN></SFA><DEFECTCODE>6053</DEFECTCODE><DESCRIPTION>The prior call to 'strncpy' might not zero-terminate string 'request'.</DESCRIPTION><FUNCTION>parser_URL</FUNCTION><DECORATED>?parser_URL@@YA_NPAD00PAH@Z</DECORATED><FUNCLINE>12</FUNCLINE><PROBABILITY>1</PROBABILITY><RANK>1</RANK><CATEGORY><RULECATEGORY>mspft</RULECATEGORY></CATEGORY><PATH><SFA><FILEPATH>g:\database_backup\programs_repository\c++_repository\in-progress\csce463_project1\csce463_project1\</FILEPATH><FILENAME>source.cpp</FILENAME><LINE>14</LINE><COLUMN>7</COLUMN></SFA><SFA><FILEPATH>g:\database_backup\programs_repository\c++_repository\in-progress\csce463_project1\csce463_project1\</FILEPATH><FILENAME>source.cpp</FILENAME><LINE>15</LINE><COLUMN>6</COLUMN></SFA><SFA><FILEPATH>g:\database_backup\programs_repository\c++_repository\in-progress\csce463_project1\csce463_project1\</FILEPATH><FILENAME>source.cpp</FILENAME><LINE>16</LINE><COLUMN>8</COLUMN></SFA><SFA><FILEPATH>g:\database_backup\programs_repository\c++_repository\in-progress\csce463_project1\csce463_project1\</FILEPATH><FILENAME>source.cpp</FILENAME><LINE>17</LINE><COLUMN>42</COLUMN></SFA><SFA><FILEPATH>g:\database_backup\programs_repository\c++_repository\in-progress\csce463_project1\csce463_project1\</FILEPATH><FILENAME>source.cpp</FILENAME><LINE>23</LINE><COLUMN>5</COLUMN></SFA><SFA><FILEPATH>g:\database_backup\programs_repository\c++_repository\in-progress\csce463_project1\csce463_project1\</FILEPATH><FILENAME>source.cpp</FILENAME><LINE>24</LINE><COLUMN>5</COLUMN></SFA><SFA><FILEPATH>g:\database_backup\programs_repository\c++_repository\in-progress\csce463_project1\csce463_project1\</FILEPATH><FILENAME>source.cpp</FILENAME><LINE>25</LINE><COLUMN>5</COLUMN></SFA><SFA><FILEPATH>g:\database_backup\programs_repository\c++_repository\in-progress\csce463_project1\csce463_project1\</FILEPATH><FILENAME>source.cpp</FILENAME><LINE>26</LINE><COLUMN>5</COLUMN></SFA><SFA><FILEPATH>g:\database_backup\programs_repository\c++_repository\in-progress\csce463_project1\csce463_project1\</FILEPATH><FILENAME>source.cpp</FILENAME><LINE>28</LINE><COLUMN>22</COLUMN></SFA><SFA><FILEPATH>g:\database_backup\programs_repository\c++_repository\in-progress\csce463_project1\csce463_project1\</FILEPATH><FILENAME>source.cpp</FILENAME><LINE>33</LINE><COLUMN>27</COLUMN></SFA><SFA><FILEPATH>g:\database_backup\programs_repository\c++_repository\in-progress\csce463_project1\csce463_project1\</FILEPATH><FILENAME>source.cpp</FILENAME><LINE>40</LINE><COLUMN>24</COLUMN></SFA><SFA><FILEPATH>g:\database_backup\programs_repository\c++_repository\in-progress\csce463_project1\csce463_project1\</FILEPATH><FILENAME>source.cpp</FILENAME><LINE>41</LINE><COLUMN>14</COLUMN><KEYEVENT><ID>1</ID><KIND>declaration</KIND><IMPORTANCE>Essential</IMPORTANCE><MESSAGE>'request' is Output from 'strncpy', which may not zero-terminate it</MESSAGE></KEYEVENT></SFA><SFA><FILEPATH>g:\database_backup\programs_repository\c++_repository\in-progress\csce463_project1\csce463_project1\</FILEPATH><FILENAME>source.cpp</FILENAME><LINE>42</LINE><COLUMN>9</COLUMN></SFA><SFA><FILEPATH>g:\database_backup\programs_repository\c++_repository\in-progress\csce463_project1\csce463_project1\</FILEPATH><FILENAME>source.cpp</FILENAME><LINE>45</LINE><COLUMN>23</COLUMN><KEYEVENT><ID>2</ID><KIND>branch</KIND><IMPORTANCE>Full</IMPORTANCE><MESSAGE>Skip this branch, (assume 'strchr(host, 58)!=0' is false)</MESSAGE></KEYEVENT></SFA><SFA><FILEPATH>g:\database_backup\programs_repository\c++_repository\in-progress\csce463_project1\csce463_project1\</FILEPATH><FILENAME>source.cpp</FILENAME><LINE>57</LINE><COLUMN>12</COLUMN></SFA><SFA><FILEPATH>g:\database_backup\programs_repository\c++_repository\in-progress\csce463_project1\csce463_project1\</FILEPATH><FILENAME>source.cpp</FILENAME><LINE>59</LINE><COLUMN>16</COLUMN><KEYEVENT><ID>3</ID><KIND>branch</KIND><IMPORTANCE>Full</IMPORTANCE><MESSAGE>Skip this branch, (assume 'request[0]!=47' is false)</MESSAGE></KEYEVENT></SFA><SFA><FILEPATH>g:\database_backup\programs_repository\c++_repository\in-progress\csce463_project1\csce463_project1\</FILEPATH><FILENAME>source.cpp</FILENAME><LINE>65</LINE><COLUMN>34</COLUMN><KEYEVENT><ID>4</ID><KIND>usage</KIND><IMPORTANCE>Full</IMPORTANCE><MESSAGE>'request' is an Input to 'strlen' (declared at e:\programming\visual studio\vc\include\string.h:121)</MESSAGE></KEYEVENT></SFA><SFA><FILEPATH>g:\database_backup\programs_repository\c++_repository\in-progress\csce463_project1\csce463_project1\</FILEPATH><FILENAME>source.cpp</FILENAME><LINE>65</LINE><COLUMN>34</COLUMN><KEYEVENT><ID>5</ID><KIND>branch</KIND><IMPORTANCE>Full</IMPORTANCE><MESSAGE>Skip this branch, (assume 'request[strlen(request)-1]==13' is false)</MESSAGE></KEYEVENT></SFA><SFA><FILEPATH>g:\database_backup\programs_repository\c++_repository\in-progress\csce463_project1\csce463_project1\</FILEPATH><FILENAME>source.cpp</FILENAME><LINE>65</LINE><COLUMN>34</COLUMN><KEYEVENT><ID>6</ID><KIND>usage</KIND><IMPORTANCE>Essential</IMPORTANCE><MESSAGE>'request' is required to be zero-terminated by a SAL annotation on 'strlen'</MESSAGE></KEYEVENT></SFA></PATH></DEFECT><DEFECT><SFA><FILEPATH>g:\database_backup\programs_repository\c++_repository\in-progress\csce463_project1\csce463_project1\</FILEPATH><FILENAME>source.cpp</FILENAME><LINE>157</LINE><COLUMN>7</COLUMN></SFA><DEFECTCODE>6340</DEFECTCODE><DESCRIPTION>Mismatch on sign: 'unsigned long' passed as _Param_(2) when some signed type is required in call to 'printf'.</DESCRIPTION><FUNCTION>DNS_lookup</FUNCTION><DECORATED>?DNS_lookup@@YA_NPADHPAUhostent@@PAUsockaddr_in@@0@Z</DECORATED><FUNCLINE>129</FUNCLINE><PATH /></DEFECT><DEFECT><SFA><FILEPATH>g:\database_backup\programs_repository\c++_repository\in-progress\csce463_project1\csce463_project1\</FILEPATH><FILENAME>source.cpp</FILENAME><LINE>179</LINE><COLUMN>7</COLUMN></SFA><DEFECTCODE>6340</DEFECTCODE><DESCRIPTION>Mismatch on sign: 'unsigned long' passed as _Param_(2) when some signed type is required in call to 'printf'.</DESCRIPTION><FUNCTION>connect_page</FUNCTION><DECORATED>?connect_page@@YA_NPAIPAUsockaddr_in@@PAD_N@Z</DECORATED><FUNCLINE>161</FUNCLINE><PATH /></DEFECT><DEFECT><SFA><FILEPATH>g:\database_backup\programs_repository\c++_repository\in-progress\csce463_project1\csce463_project1\</FILEPATH><FILENAME>source.cpp</FILENAME><LINE>238</LINE><COLUMN>30</COLUMN></SFA><DEFECTCODE>6308</DEFECTCODE><DESCRIPTION>'realloc' might return null pointer: assigning null pointer to 'recvHTML', which is passed as an argument to 'realloc', will cause the original memory block to be leaked.</DESCRIPTION><FUNCTION>load_page</FUNCTION><DECORATED>?load_page@@YAPADI_N@Z</DECORATED><FUNCLINE>186</FUNCLINE><PATH /></DEFECT><DEFECT><SFA><FILEPATH>g:\database_backup\programs_repository\c++_repository\in-progress\csce463_project1\csce463_project1\</FILEPATH><FILENAME>source.cpp</FILENAME><LINE>271</LINE><COLUMN>7</COLUMN></SFA><DEFECTCODE>6340</DEFECTCODE><DESCRIPTION>Mismatch on sign: 'unsigned long' passed as _Param_(2) when some signed type is required in call to 'printf'.</DESCRIPTION><FUNCTION>load_page</FUNCTION><DECORATED>?load_page@@YAPADI_N@Z</DECORATED><FUNCLINE>186</FUNCLINE><PATH /></DEFECT><DEFECT><SFA><FILEPATH>g:\database_backup\programs_repository\c++_repository\in-progress\csce463_project1\csce463_project1\</FILEPATH><FILENAME>source.cpp</FILENAME><LINE>287</LINE><COLUMN>7</COLUMN></SFA><DEFECTCODE>6340</DEFECTCODE><DESCRIPTION>Mismatch on sign: 'unsigned long' passed as _Param_(2) when some signed type is required in call to 'printf'.</DESCRIPTION><FUNCTION>parse_page</FUNCTION><DECORATED>?parse_page@@YAHPBDPAD@Z</DECORATED><FUNCLINE>275</FUNCLINE><PATH /></DEFECT><DEFECT><SFA><FILEPATH>g:\database_backup\programs_repository\c++_repository\in-progress\csce463_project1\csce463_project1\</FILEPATH><FILENAME>source.cpp</FILENAME><LINE>304</LINE><COLUMN>10</COLUMN></SFA><DEFECTCODE>6387</DEFECTCODE><DESCRIPTION>'URL_file_content' could be '0':  this does not adhere to the specification for the function 'memset'. </DESCRIPTION><FUNCTION>wirte_file_to_memory</FUNCTION><DECORATED>?wirte_file_to_memory@@YAPADPAD@Z</DECORATED><FUNCLINE>292</FUNCLINE><PROBABILITY>1</PROBABILITY><RANK>4</RANK><CATEGORY><RULECATEGORY>mspft</RULECATEGORY></CATEGORY><PATH><SFA><FILEPATH>g:\database_backup\programs_repository\c++_repository\in-progress\csce463_project1\csce463_project1\</FILEPATH><FILENAME>source.cpp</FILENAME><LINE>294</LINE><COLUMN>7</COLUMN></SFA><SFA><FILEPATH>g:\database_backup\programs_repository\c++_repository\in-progress\csce463_project1\csce463_project1\</FILEPATH><FILENAME>source.cpp</FILENAME><LINE>295</LINE><COLUMN>8</COLUMN></SFA><SFA><FILEPATH>g:\database_backup\programs_repository\c++_repository\in-progress\csce463_project1\csce463_project1\</FILEPATH><FILENAME>source.cpp</FILENAME><LINE>296</LINE><COLUMN>10</COLUMN></SFA><SFA><FILEPATH>g:\database_backup\programs_repository\c++_repository\in-progress\csce463_project1\csce463_project1\</FILEPATH><FILENAME>source.cpp</FILENAME><LINE>298</LINE><COLUMN>32</COLUMN></SFA><SFA><FILEPATH>g:\database_backup\programs_repository\c++_repository\in-progress\csce463_project1\csce463_project1\</FILEPATH><FILENAME>source.cpp</FILENAME><LINE>300</LINE><COLUMN>8</COLUMN></SFA><SFA><FILEPATH>g:\database_backup\programs_repository\c++_repository\in-progress\csce463_project1\csce463_project1\</FILEPATH><FILENAME>source.cpp</FILENAME><LINE>301</LINE><COLUMN>17</COLUMN></SFA><SFA><FILEPATH>g:\database_backup\programs_repository\c++_repository\in-progress\csce463_project1\csce463_project1\</FILEPATH><FILENAME>source.cpp</FILENAME><LINE>303</LINE><COLUMN>21</COLUMN><KEYEVENT><ID>1</ID><KIND>declaration</KIND><IMPORTANCE>Essential</IMPORTANCE><MESSAGE>'URL_file_content' may be NULL</MESSAGE></KEYEVENT></SFA><SFA><FILEPATH>g:\database_backup\programs_repository\c++_repository\in-progress\csce463_project1\csce463_project1\</FILEPATH><FILENAME>source.cpp</FILENAME><LINE>304</LINE><COLUMN>10</COLUMN><KEYEVENT><ID>2</ID><KIND>declaration</KIND><IMPORTANCE>Full</IMPORTANCE><MESSAGE>'URL_file_content' is an In/Out argument to 'memset' (declared at e:\programming\visual studio\vc\include\string.h:94)</MESSAGE></KEYEVENT></SFA><SFA><FILEPATH>g:\database_backup\programs_repository\c++_repository\in-progress\csce463_project1\csce463_project1\</FILEPATH><FILENAME>source.cpp</FILENAME><LINE>304</LINE><COLUMN>10</COLUMN><KEYEVENT><ID>3</ID><KIND>usage</KIND><IMPORTANCE>Essential</IMPORTANCE><MESSAGE>'URL_file_content' should not be NULL, because this is not consistent with the SAL annotation on 'memset'</MESSAGE></KEYEVENT></SFA></PATH></DEFECT><DEFECT><SFA><FILEPATH>g:\database_backup\programs_repository\c++_repository\in-progress\csce463_project1\csce463_project1\</FILEPATH><FILENAME>source.cpp</FILENAME><LINE>307</LINE><COLUMN>64</COLUMN></SFA><DEFECTCODE>6387</DEFECTCODE><DESCRIPTION>'URL_file_content' could be '0':  this does not adhere to the specification for the function 'fread'. See line 304 for an earlier location where this can occur</DESCRIPTION><FUNCTION>wirte_file_to_memory</FUNCTION><DECORATED>?wirte_file_to_memory@@YAPADPAD@Z</DECORATED><FUNCLINE>292</FUNCLINE><PROBABILITY>1</PROBABILITY><RANK>4</RANK><CATEGORY><RULECATEGORY>mspft</RULECATEGORY></CATEGORY><PATH><SFA><FILEPATH>g:\database_backup\programs_repository\c++_repository\in-progress\csce463_project1\csce463_project1\</FILEPATH><FILENAME>source.cpp</FILENAME><LINE>294</LINE><COLUMN>7</COLUMN></SFA><SFA><FILEPATH>g:\database_backup\programs_repository\c++_repository\in-progress\csce463_project1\csce463_project1\</FILEPATH><FILENAME>source.cpp</FILENAME><LINE>295</LINE><COLUMN>8</COLUMN></SFA><SFA><FILEPATH>g:\database_backup\programs_repository\c++_repository\in-progress\csce463_project1\csce463_project1\</FILEPATH><FILENAME>source.cpp</FILENAME><LINE>296</LINE><COLUMN>10</COLUMN></SFA><SFA><FILEPATH>g:\database_backup\programs_repository\c++_repository\in-progress\csce463_project1\csce463_project1\</FILEPATH><FILENAME>source.cpp</FILENAME><LINE>298</LINE><COLUMN>32</COLUMN></SFA><SFA><FILEPATH>g:\database_backup\programs_repository\c++_repository\in-progress\csce463_project1\csce463_project1\</FILEPATH><FILENAME>source.cpp</FILENAME><LINE>300</LINE><COLUMN>8</COLUMN></SFA><SFA><FILEPATH>g:\database_backup\programs_repository\c++_repository\in-progress\csce463_project1\csce463_project1\</FILEPATH><FILENAME>source.cpp</FILENAME><LINE>301</LINE><COLUMN>17</COLUMN></SFA><SFA><FILEPATH>g:\database_backup\programs_repository\c++_repository\in-progress\csce463_project1\csce463_project1\</FILEPATH><FILENAME>source.cpp</FILENAME><LINE>303</LINE><COLUMN>21</COLUMN><KEYEVENT><ID>1</ID><KIND>declaration</KIND><IMPORTANCE>Essential</IMPORTANCE><MESSAGE>'URL_file_content' may be NULL</MESSAGE></KEYEVENT></SFA><SFA><FILEPATH>g:\database_backup\programs_repository\c++_repository\in-progress\csce463_project1\csce463_project1\</FILEPATH><FILENAME>source.cpp</FILENAME><LINE>304</LINE><COLUMN>10</COLUMN><KEYEVENT><ID>2</ID><KIND>declaration</KIND><IMPORTANCE>Full</IMPORTANCE><MESSAGE>'URL_file_content' is an In/Out argument to 'memset' (declared at e:\programming\visual studio\vc\include\string.h:94)</MESSAGE></KEYEVENT></SFA><SFA><FILEPATH>g:\database_backup\programs_repository\c++_repository\in-progress\csce463_project1\csce463_project1\</FILEPATH><FILENAME>source.cpp</FILENAME><LINE>305</LINE><COLUMN>34</COLUMN><KEYEVENT><ID>3</ID><KIND>branch</KIND><IMPORTANCE>Full</IMPORTANCE><MESSAGE>Enter this branch, (assume 'fseek(file, 0, 0)==0')</MESSAGE></KEYEVENT></SFA><SFA><FILEPATH>g:\database_backup\programs_repository\c++_repository\in-progress\csce463_project1\csce463_project1\</FILEPATH><FILENAME>source.cpp</FILENAME><LINE>307</LINE><COLUMN>64</COLUMN><KEYEVENT><ID>4</ID><KIND>declaration</KIND><IMPORTANCE>Full</IMPORTANCE><MESSAGE>'URL_file_content' is an In/Out argument to 'fread' (declared at e:\programming\visual studio\vc\include\stdio.h:222)</MESSAGE></KEYEVENT></SFA><SFA><FILEPATH>g:\database_backup\programs_repository\c++_repository\in-progress\csce463_project1\csce463_project1\</FILEPATH><FILENAME>source.cpp</FILENAME><LINE>307</LINE><COLUMN>64</COLUMN><KEYEVENT><ID>5</ID><KIND>branch</KIND><IMPORTANCE>Full</IMPORTANCE><MESSAGE>Skip this branch, (assume '&lt;branch condition&gt;' is false)</MESSAGE></KEYEVENT></SFA><SFA><FILEPATH>g:\database_backup\programs_repository\c++_repository\in-progress\csce463_project1\csce463_project1\</FILEPATH><FILENAME>source.cpp</FILENAME><LINE>307</LINE><COLUMN>64</COLUMN><KEYEVENT><ID>6</ID><KIND>usage</KIND><IMPORTANCE>Essential</IMPORTANCE><MESSAGE>'URL_file_content' should not be NULL, because this is not consistent with the SAL annotation on 'fread'</MESSAGE></KEYEVENT></SFA></PATH></DEFECT><DEFECT><SFA><FILEPATH>g:\database_backup\programs_repository\c++_repository\in-progress\csce463_project1\csce463_project1\</FILEPATH><FILENAME>source.cpp</FILENAME><LINE>395</LINE><COLUMN>12</COLUMN></SFA><DEFECTCODE>6001</DEFECTCODE><DESCRIPTION>Using uninitialized memory 'address'.</DESCRIPTION><FUNCTION>main</FUNCTION><DECORATED>main</DECORATED><FUNCLINE>370</FUNCLINE><PROBABILITY>1</PROBABILITY><RANK>3</RANK><CATEGORY><RULECATEGORY>mspft</RULECATEGORY></CATEGORY><PATH><SFA><FILEPATH>g:\database_backup\programs_repository\c++_repository\in-progress\csce463_project1\csce463_project1\</FILEPATH><FILENAME>source.cpp</FILENAME><LINE>372</LINE><COLUMN>6</COLUMN></SFA><SFA><FILEPATH>g:\database_backup\programs_repository\c++_repository\in-progress\csce463_project1\csce463_project1\</FILEPATH><FILENAME>source.cpp</FILENAME><LINE>373</LINE><COLUMN>10</COLUMN></SFA><SFA><FILEPATH>g:\database_backup\programs_repository\c++_repository\in-progress\csce463_project1\csce463_project1\</FILEPATH><FILENAME>source.cpp</FILENAME><LINE>373</LINE><COLUMN>39</COLUMN></SFA><SFA><FILEPATH>g:\database_backup\programs_repository\c++_repository\in-progress\csce463_project1\csce463_project1\</FILEPATH><FILENAME>source.cpp</FILENAME><LINE>384</LINE><COLUMN>24</COLUMN></SFA><SFA><FILEPATH>g:\database_backup\programs_repository\c++_repository\in-progress\csce463_project1\csce463_project1\</FILEPATH><FILENAME>source.cpp</FILENAME><LINE>385</LINE><COLUMN>7</COLUMN></SFA><SFA><FILEPATH>g:\database_backup\programs_repository\c++_repository\in-progress\csce463_project1\csce463_project1\</FILEPATH><FILENAME>source.cpp</FILENAME><LINE>385</LINE><COLUMN>14</COLUMN></SFA><SFA><FILEPATH>g:\database_backup\programs_repository\c++_repository\in-progress\csce463_project1\csce463_project1\</FILEPATH><FILENAME>source.cpp</FILENAME><LINE>385</LINE><COLUMN>33</COLUMN><KEYEVENT><ID>1</ID><KIND>declaration</KIND><IMPORTANCE>Essential</IMPORTANCE><MESSAGE>'address' is not initialized</MESSAGE></KEYEVENT></SFA><SFA><FILEPATH>g:\database_backup\programs_repository\c++_repository\in-progress\csce463_project1\csce463_project1\</FILEPATH><FILENAME>source.cpp</FILENAME><LINE>387</LINE><COLUMN>5</COLUMN><KEYEVENT><ID>2</ID><KIND>branch</KIND><IMPORTANCE>Full</IMPORTANCE><MESSAGE>Skip this branch, (assume 'read_address_from_file' is false)</MESSAGE></KEYEVENT></SFA><SFA><FILEPATH>g:\database_backup\programs_repository\c++_repository\in-progress\csce463_project1\csce463_project1\</FILEPATH><FILENAME>source.cpp</FILENAME><LINE>395</LINE><COLUMN>12</COLUMN><KEYEVENT><ID>3</ID><KIND>declaration</KIND><IMPORTANCE>Full</IMPORTANCE><MESSAGE>'address' is an In/Out argument to 'strcpy' (declared at e:\programming\visual studio\vc\include\string.h:112)</MESSAGE></KEYEVENT></SFA><SFA><FILEPATH>g:\database_backup\programs_repository\c++_repository\in-progress\csce463_project1\csce463_project1\</FILEPATH><FILENAME>source.cpp</FILENAME><LINE>395</LINE><COLUMN>12</COLUMN><KEYEVENT><ID>4</ID><KIND>usage</KIND><IMPORTANCE>Essential</IMPORTANCE><MESSAGE>'address' is used, but may not have been initialized</MESSAGE></KEYEVENT></SFA></PATH></DEFECT></DEFECTS>